customerID,Actual_Churn,Predicted_Churn,Predicted_Churn_Probability
7590-VHVEG,0,0,0.0026563169
5575-GNVDE,0,1,0.93226314
3668-QPYBK,0,0,0.06569656
7795-CFOCW,0,0,0.4012973
9237-HQITU,0,0,0.0008387683
9305-CDSKC,0,1,0.6689809
1452-KIOVK,0,1,0.59731704
6713-OKOMC,0,0,0.05336698
7892-POOKP,0,0,0.0013497035
6388-TABGU,1,0,0.32758826
9763-GRSKD,0,0,0.14785045
7469-LKBCI,0,0,0.0032663096
8091-TTVAX,0,0,0.27437326
0280-XJGEX,1,1,0.8369508
5129-JLPIS,0,0,0.045242105
3655-SNQYZ,0,0,0.017213333
8191-XWSZG,0,0,0.0011173056
9959-WOFKT,0,1,0.83644575
4190-MFLUW,0,0,0.1734974
4183-MYFRB,0,0,0.015780369
8779-QRDMV,1,1,0.6428156
1680-VDCWW,0,0,0.18600486
1066-JKSGK,0,0,0.009541339
3638-WEABW,0,0,0.030144079
6322-HRPFA,0,0,0.07214953
6865-JZNKO,0,0,0.3527932
6467-CHFZW,1,0,0.3795944
8665-UTDHZ,1,1,0.6965266
5248-YGIJN,0,0,0.006029657
8773-HHUOZ,1,1,0.69082004
3841-NFECX,0,0,0.25679052
4929-XIHVW,0,0,0.31065968
6827-IEAUQ,0,0,0.002045866
7310-EGVHZ,0,0,0.0014654916
3413-BMNZE,1,1,0.8375886
6234-RAAPL,0,0,0.11091255
6047-YHPVI,1,1,0.6762247
6572-ADKRS,0,0,0.00074942067
5380-WJKOV,1,1,0.9390845
8168-UQWWF,1,0,0.046174813
8865-TNMNX,0,0,0.00040299146
9489-DEDVP,0,1,0.92782587
9867-JCZSP,0,1,0.6508728
4671-VJLCL,0,0,0.026572656
4080-IIARD,0,0,0.06251209
3714-NTNFO,1,1,0.59365094
5948-UJZLF,0,1,0.66111904
7760-OYPDY,0,0,0.10815161
7639-LIAYI,0,0,0.002053721
2954-PIBKO,1,0,0.21499217
8012-SOUDQ,0,0,0.0017421227
9420-LOJKX,1,1,0.91583467
6575-SUVOI,0,0,0.06955304
7495-OOKFY,0,0,0.47217122
4667-QONEA,0,0,0.1771759
1658-BYGOY,1,1,0.5020306
8769-KKTPH,0,0,0.03096506
5067-XJQFU,0,0,0.042728517
3957-SQXML,0,0,0.003877746
5954-BDFSG,0,0,0.0012531972
0434-CSFON,0,0,0.0012697447
1215-FIGMP,1,0,0.0023304173
0526-SXDJP,0,0,0.37599477
0557-ASKVU,0,0,0.14192499
5698-BQJOH,1,0,0.22116537
5122-CYFXA,1,1,0.51179814
8627-ZYGSZ,1,0,0.23783414
3410-YOQBQ,1,0,0.20385946
3170-NMYVV,1,0,0.25496805
7410-OIEDU,1,1,0.92937803
2273-QCKXA,0,0,0.0017481328
0731-EBJQB,0,0,0.00045857005
1891-QRQSA,1,1,0.6324238
8028-PNXHQ,0,0,0.03857614
5630-AHZIL,0,0,0.049442727
2673-CXQEU,0,0,0.06783204
6416-JNVRK,0,0,0.007275902
5590-ZSKRV,1,0,0.4917084
0191-ZHSKZ,0,0,0.052382536
3887-PBQAO,0,0,0.0032893317
5919-TMRGD,0,0,0.041701093
8108-UXRQN,0,0,0.0005987321
9191-MYQKX,1,0,0.10301504
9919-YLNNG,1,1,0.82471436
0318-ZOPWS,0,0,0.03626872
4445-ZJNMU,0,0,0.1780093
4808-YNLEU,0,1,0.80687624
1862-QRWPE,1,1,0.92342734
2796-NNUFI,1,1,0.5426039
3016-KSVCP,0,0,0.0922948
4767-HZZHQ,1,0,0.2617352
2424-WVHPL,0,0,0.19651446
7233-PAHHL,0,0,0.0002886923
6067-NGCEU,1,1,0.6442501
9848-JQJTX,1,0,0.36441794
8637-XJIVR,0,0,0.0028640358
9803-FTJCG,0,0,0.38067433
0278-YXOOG,0,0,0.00048040002
3212-KXOCR,1,1,0.9248376
4598-XLKNJ,0,0,0.09337668
6380-ARCEH,1,1,0.77399975
3679-XASPY,1,0,0.434637
7123-WQUHX,0,0,0.21910244
5386-THSLQ,1,0,0.112559214
3192-NQECA,1,0,0.123374626
6180-YBIQI,0,0,0.00042827663
6728-DKUCO,0,0,0.014909248
9750-BOOHV,0,0,0.00436326
8597-CWYHH,0,0,0.015463407
2848-YXSMW,0,0,0.0155184725
0486-HECZI,0,0,0.005039962
4549-ZDQYY,0,1,0.658333
5712-AHQNN,0,0,0.17715266
4846-WHAFZ,0,1,0.54872364
5256-SKJGO,1,1,0.5680557
3071-VBYPO,0,0,0.0038000727
9560-BBZXK,1,1,0.7096597
5299-RULOA,0,0,0.24256752
8402-OOOHJ,0,0,0.030551514
9445-ZUEQE,0,0,0.012286022
1091-SOZGA,0,0,0.009027592
2928-HLDBA,1,1,0.9361683
0404-SWRVG,0,0,0.0030136483
6497-TILVL,0,0,0.0017058125
7219-TLZHO,1,1,0.70853406
4622-YNKIJ,0,0,0.003953734
4412-YLTKF,1,1,0.5645422
6734-PSBAW,0,0,0.12576596
3930-ZGWVE,1,1,0.72578067
2639-UGMAZ,0,0,0.15857415
2876-GZYZC,1,0,0.095734075
6207-WIOLX,1,0,0.28209406
8587-XYZSF,0,1,0.68803465
3091-FYHKI,0,0,0.11866607
2372-HWUHI,0,0,0.0018536459
7799-LGRDP,0,0,0.16504614
7850-VWJUU,0,0,0.002281471
3774-VBNXY,0,0,0.048079148
6217-KDYWC,0,0,0.00030410115
0390-DCFDQ,1,1,0.5095598
3146-MSEGF,0,0,0.02138193
4080-OGPJL,0,0,0.008734346
1095-WGNGG,0,0,0.39089227
2636-SJDOU,0,0,0.008922045
1131-QQZEB,0,0,0.00022624899
5716-EZXZN,0,0,0.01973764
6837-BJYDQ,0,0,0.017456122
2135-RXIHG,1,1,0.5297884
6440-DKQGE,0,0,0.27784267
3466-BYAVD,0,0,0.4431929
3780-YVMFA,0,0,0.00894499
3874-EQOEP,0,0,0.36141106
1679-JRFBR,0,0,0.10042805
9073-ZZIAY,0,0,0.30613464
3077-RSNTJ,1,1,0.94311213
6551-GNYDG,0,0,0.20756012
9167-APMXZ,0,0,0.3899174
2749-CTKAJ,1,0,0.2932516
6371-NZYEG,1,1,0.56036204
7554-NEWDD,1,1,0.67294675
8992-VONJD,0,0,0.019148726
0867-MKZVY,0,0,0.0054582213
4482-EWFMI,0,0,0.0007853317
4648-YPBTM,0,0,0.0001608397
2907-ILJBN,0,0,0.017358072
6345-FZOQH,1,0,0.09343494
3376-BMGFE,0,0,0.0131752975
5997-OPVFA,1,0,0.05739001
3445-HXXGF,0,0,0.060569573
1159-WFSGR,0,0,0.055005327
7654-YWJUF,0,0,0.3715359
1875-QIVME,1,1,0.9725292
6727-IOTLZ,0,0,0.031832244
0691-JVSYA,1,0,0.35036808
5918-VUKWP,0,1,0.537979
1744-JHKYS,0,0,0.3100064
2656-FMOKZ,0,0,0.00076225575
2070-FNEXE,0,0,0.0023389237
5947-SGKCL,0,1,0.63798565
3712-PKXZA,0,0,0.023898339
6317-YPKDH,1,0,0.47362706
6582-OIVSP,0,0,0.20030752
9367-WXLCH,1,1,0.85188115
5524-KHNJP,1,0,0.3338901
1918-ZBFQJ,0,0,0.0013924311
1024-GUALD,0,0,0.21777512
4827-USJHP,0,0,0.008079467
8167-GJLRN,1,1,0.6528644
0956-SYCWG,0,0,0.1812563
8017-UVSZU,0,0,0.03782772
7100-FQPRV,0,0,0.12615353
2472-OVKUP,0,0,0.21093555
2984-RGEYA,1,1,0.6491856
9680-NIAUV,0,0,0.0030564463
2146-EGVDT,0,0,0.41503197
2604-IJPDU,0,1,0.8165817
9178-JHUVJ,0,1,0.81521934
6168-YBYNP,0,0,0.17556949
7255-SSFBC,0,1,0.530227
3645-DEYGF,0,0,0.077535436
9323-HGFWY,0,0,0.060484584
8544-GOQSH,0,0,0.0020841297
3363-DTIVD,0,0,0.09601032
7018-WBJNK,0,0,0.07993992
9142-KZXOP,0,0,0.10694372
7674-YTAFD,0,0,0.0065014604
6348-SNFUS,0,0,0.0077985395
1285-OKIPP,0,0,0.045709815
7825-ECJRF,0,1,0.5793304
1347-KTTTA,0,0,0.004045556
7841-TZDMQ,1,1,0.5511497
4195-NZGTA,0,1,0.70938665
7157-SMCFK,1,0,0.10679923
4709-LKHYG,0,0,0.0023939882
2504-DSHIH,0,0,0.012439954
0699-NDKJM,0,1,0.61926275
9286-BHDQG,0,0,0.014113435
0230-WEQUW,0,0,0.18287764
2040-LDIWQ,1,1,0.56070083
6496-JDSSB,1,0,0.040692117
9408-SSNVZ,0,0,0.043373782
4443-EMBNA,0,0,0.14274378
6469-MRVET,0,1,0.5391017
0742-MOABM,0,0,0.03240601
5961-VUSRV,0,1,0.8179283
6778-JFCMK,0,0,0.123408444
6341-JVQGF,0,0,0.0020510033
2232-DMLXU,0,0,0.030710388
4811-JBUVU,1,1,0.7273933
0945-TSONX,0,1,0.6138131
2651-ZCBXV,0,0,0.010722125
3316-UWXUY,1,0,0.4539519
8937-RDTHP,0,0,0.13144812
7083-MIOPC,0,0,0.003928652
1984-GPTEH,1,1,0.8540073
1251-KRREG,1,1,0.7356976
0621-JFHOL,1,0,0.09633809
9903-LYSAB,0,0,0.26940542
0094-OIFMO,0,0,0.20300896
9227-UAQFT,0,0,0.36321753
7301-ABVAD,1,1,0.9450868
6614-FHDBO,1,1,0.54598767
7576-ASEJU,0,0,0.013467921
9058-HRZSV,0,0,0.019982351
4522-AKYLR,1,1,0.85637
0221-WMXNQ,1,1,0.78374296
0303-UNCIP,1,1,0.68393075
9947-OTFQU,0,0,0.039247654
0322-YINQP,0,0,0.0019498578
0959-WHOKV,0,0,0.49447674
4075-JFPGR,0,0,0.0061884723
4629-NRXKX,0,0,0.005882596
9514-JDSKI,0,0,0.075611554
3282-ZISZV,0,0,0.0010991609
3675-YDUPJ,1,0,0.25484207
4111-BNXIF,0,0,0.00257899
7017-VFHAY,0,0,0.08590268
6655-LHBYW,0,0,0.15822408
4959-JOSRX,0,0,0.15938357
5046-NUHWD,0,0,0.27977428
7273-TEFQD,0,0,0.46372673
3606-TWKGI,0,0,0.074625604
7529-ZDFXI,0,0,0.00088803
7605-BDWDC,0,0,0.27059016
1950-KSVVJ,1,1,0.7247532
0123-CRBRT,1,0,0.016853334
6292-TOSSS,1,0,0.4132006
3197-ARFOY,0,0,0.007831135
6323-AYBRX,0,0,0.088297926
7014-ZZXAW,0,0,0.37418795
4385-GZQXV,0,1,0.62339497
7633-MVPUY,0,0,0.0030584217
6366-ZGQGL,0,0,0.24644436
4716-HHKQH,0,0,0.20041582
5940-AHUHD,0,0,0.0034737329
6432-TWQLB,0,1,0.7332378
4484-GLZOU,1,1,0.7833458
3179-GBRWV,0,0,0.49381864
8645-KWHJO,1,1,0.8931697
4130-MZLCC,0,0,0.08586704
0314-TKOSI,0,1,0.5089085
8229-MYEJZ,0,0,0.20401649
2080-SRCDE,0,0,0.31278667
9577-WJVCQ,0,0,0.01654125
9512-UIBFX,0,0,0.47738406
6202-DYYFX,1,1,0.6784576
3808-HFKDE,1,0,0.25236002
5583-SXDAG,0,0,0.01460457
3488-PGMQJ,1,1,0.65353227
3580-REOAC,0,0,0.004884759
7534-BFESC,0,0,0.40656766
3727-OWVYD,0,0,0.044039402
2294-SALNE,0,0,0.0074695754
4847-TAJYI,0,0,0.038555127
1563-IWQEX,0,0,0.089478746
8203-XJZRC,0,0,0.16989931
6556-DBKZF,0,1,0.72531885
6851-WEFYX,1,0,0.008916777
2985-JUUBZ,0,0,0.09530767
6390-DSAZX,0,0,0.01668925
0895-LMRSF,0,0,0.000519725
8098-LLAZX,1,0,0.021341005
8266-VBFQL,0,1,0.75756145
8181-YHCMF,0,0,0.064587556
2240-HSJQD,1,1,0.95798105
1248-DYXUB,0,0,0.22626455
0265-EDXBD,0,0,0.06747459
4115-BNPJY,0,0,0.025288712
3167-SNQPL,0,0,0.25226623
4091-TVOCN,0,0,0.14461733
1098-TDVUQ,0,1,0.78378284
7277-OZCGZ,0,0,0.4352766
1557-EMYVT,0,0,0.029202083
2799-ARNLO,0,0,0.20498826
7563-BIUPC,0,0,0.045300316
5027-YOCXN,0,0,0.053315166
3973-SKMLN,0,0,0.010545851
2321-OMBXY,0,0,0.05164628
2840-XANRC,1,0,0.18508175
6745-JEFZB,1,1,0.5409435
5020-ZSTTY,0,0,0.42313385
9880-TDQAC,0,1,0.5943789
8705-WZCYL,1,1,0.5114579
7102-JJVTX,0,0,0.065423705
8626-PTQGE,0,0,0.28979778
4983-CLMLV,0,0,0.012330362
5701-YVSVF,1,0,0.04184716
5804-LEPIM,0,1,0.6189404
5697-GOMBF,0,0,0.0073547196
2739-CACDQ,0,0,0.0036282593
9385-EHGDO,0,0,0.07032833
9498-FIMXL,1,0,0.012924889
2379-GYFLQ,0,0,0.018401587
0122-OAHPZ,0,0,0.15973777
2868-SNELZ,0,0,0.0008024135
4322-RCYMT,0,0,0.04221058
6680-NENYN,1,1,0.51692945
2088-IEBAU,0,0,0.1447331
7982-VCELR,0,0,0.0025534276
1343-EHPYB,0,0,0.0018577971
6035-BXTTY,0,0,0.0025981932
6885-PKOAM,1,1,0.97379106
7520-HQWJU,0,0,0.10438976
9639-BUJXT,1,0,0.22514202
5924-SNGKP,1,1,0.904924
0021-IKXGC,1,0,0.010674842
2034-GDRCN,0,0,0.0031285197
8966-SNIZF,1,0,0.14088868
6243-OZGFH,0,0,0.048328515
4654-DLAMQ,1,0,0.19146572
0513-RBGPE,0,0,0.09553389
5160-UXJED,1,0,0.05035319
4115-NZRKS,0,0,0.04136714
0219-YTZUE,0,0,0.12563592
0623-IIHUG,0,0,0.0025034428
4572-DVCGN,0,0,0.15946166
3351-NGXYI,0,0,0.10158531
8984-EYLLL,0,0,0.4572693
9057-MSWCO,0,0,0.03042109
9833-TGFHX,1,1,0.8255294
9294-TDIPC,1,1,0.83733225
5229-DTFYB,0,0,0.005564484
0104-PPXDV,0,0,0.062261764
5176-LMJXE,0,0,0.2560403
3583-KRKMD,0,0,0.16038765
1010-DIAUQ,1,0,0.25761276
9069-LGEUL,0,0,0.2037145
7302-ZHMHP,0,0,0.07386885
9571-EDEBV,0,0,0.0025019513
3520-FJGCV,0,0,0.48910224
6563-VRERX,1,0,0.48230958
0259-GBZSH,0,1,0.9081553
6122-EFVKN,0,0,0.2192975
2805-EDJPQ,0,1,0.69120306
6862-CQUMB,1,0,0.30520567
7156-MXBJE,0,0,0.2480565
6158-HDPXZ,0,0,0.22691244
9601-BRXPO,0,0,0.17657894
2863-IMQDR,1,0,0.09446067
5686-CMAWK,0,0,0.00241659
5651-CRHKQ,0,0,0.19117935
6905-NIQIN,0,0,0.21040592
8204-YJCLA,0,0,0.006988266
5167-ZFFMM,0,1,0.81214947
6583-SZVGP,1,0,0.22146398
4895-TMWIR,0,0,0.38539904
0533-BNWKF,1,0,0.2805724
1708-PBBOA,1,0,0.44406462
8782-LKFPK,0,0,0.009201085
5522-JBWMO,1,1,0.9376734
3597-MVHJT,0,0,0.014084305
9774-NRNAU,0,0,0.046866786
0224-RLWWD,0,1,0.7622829
9967-ATRFS,0,0,0.002198328
3951-NJCVI,0,0,0.06060118
2977-CEBSX,0,0,0.0060267434
0177-PXBAT,0,0,0.0061190506
6599-CEBNN,0,0,0.02401497
2519-ERQOJ,0,0,0.0013459021
5876-QMYLD,1,1,0.62300223
2277-AXSDC,0,0,0.0065753316
9442-JTWDL,0,0,0.12616281
0979-PHULV,0,0,0.38314202
3067-SVMTC,0,0,0.23971605
5495-GPSRW,0,0,0.0065894406
7606-BPHHN,0,0,0.0671558
4742-DRORA,1,0,0.02809612
0111-KLBQG,0,0,0.2986369
4800-VHZKI,1,1,0.7401951
7989-CHGTL,0,0,0.0037412078
0334-GDDSO,1,0,0.25534385
4163-NCJAK,1,1,0.814993
5233-AOZUF,1,1,0.7049948
5973-EJGDP,1,0,0.28310224
1996-DBMUS,0,0,0.043004047
7916-VCCPB,0,0,0.178905
4686-GEFRM,0,0,0.3884755
5249-QYHEX,1,1,0.779146
0578-SKVMF,1,0,0.0060415263
5564-NEMQO,1,1,0.54841435
2233-FAGXV,0,0,0.058724184
5605-IYGFG,0,0,0.022035275
7663-ZTEGJ,0,0,0.4855585
3935-TBRZZ,1,0,0.35819283
8111-BKVDS,0,0,0.0030718194
2055-SIFSS,0,0,0.4780666
2806-MLNTI,0,0,0.42188334
8734-DKSTZ,0,0,0.36946988
4360-PNRQB,0,0,0.0005930272
6152-ONASV,0,0,0.00046977273
9063-ZGTUY,0,0,0.0069915196
7781-HVGMK,0,0,0.199701
2181-UAESM,0,0,0.05822176
2957-LOLHO,0,0,0.028856346
6048-NJXHX,0,0,0.058421534
2320-SLKMB,1,1,0.84016246
4980-URKXC,0,0,0.14917822
4376-KFVRS,0,0,0.033708382
5886-VLQVU,0,0,0.1477246
3577-AMVUX,0,0,0.11223156
0771-WLCLA,0,0,0.12949617
5628-RKIFK,1,0,0.4111866
0206-TBWLC,0,0,0.010188303
2937-FTHUR,0,0,0.15703279
1910-FMXJM,1,0,0.050104134
7752-XUSCI,0,0,0.15958698
4110-PFEUZ,0,0,0.029409591
0732-OCQOC,0,0,0.0032470035
5168-MSWXT,0,0,0.39872682
1090-ESELR,0,1,0.5500603
8592-PLTMQ,0,1,0.64851284
5760-WRAHC,0,0,0.032752395
8847-GEOOQ,0,0,0.07504263
0256-LTHVJ,0,0,0.062417023
4785-FCIFB,0,1,0.87925124
8313-NDOIA,0,0,0.0004011155
5149-CUZUJ,1,1,0.6624379
0942-KOWSM,0,0,0.00017515168
4237-CLSMM,0,0,0.001604258
1452-VOQCH,1,1,0.60428095
4719-UMSIY,0,0,0.004228717
6614-VBEGU,1,0,0.03519465
0880-TKATG,0,0,0.25983983
3811-VBYBZ,0,0,0.0047740373
1480-BKXGA,0,0,0.0012380324
2996-XAUVF,0,0,0.12535694
9076-AXYIK,0,0,0.14525841
5968-XQIVE,0,0,0.2750079
8896-RAZCR,0,0,0.03294078
4640-UHDOS,0,0,0.077990085
4933-IKULF,1,0,0.15132406
3583-EKAPL,0,0,0.14461616
1304-BCCFO,0,0,0.06845422
4104-PVRPS,0,0,0.13548988
9399-APLBT,0,0,0.022593128
2359-KMGLI,0,0,0.00018969065
3780-DDGSE,0,0,0.057393506
4431-EDMIQ,0,0,0.33461878
0306-JAELE,1,0,0.47721285
6227-HWPWX,1,0,0.09049984
0486-LGCCH,0,1,0.8216726
0447-BEMNG,0,0,0.25290522
4612-SSVHJ,0,0,0.00013142986
5168-MQQCA,1,0,0.36643142
5949-XIKAE,0,1,0.81141186
7971-HLVXI,0,0,0.0049188263
9094-AZPHK,0,0,0.002158158
3649-JPUGY,0,0,0.0008069144
4472-LVYGI,1,1,0.78185904
8372-JUXUI,0,0,0.23990488
3552-CTCYF,0,0,0.4865432
6778-YSNIH,0,0,0.3355249
0388-EOPEX,0,0,0.066472515
5756-OZRIO,0,1,0.82296604
6579-JPICP,0,0,0.00087953167
8205-OTCHB,0,1,0.70556927
4134-BSXLX,0,0,0.43722594
0505-SPOOW,1,0,0.39302224
6235-VDHOM,0,0,0.0034953575
7783-YKGDV,0,0,0.42266166
4374-YMUSQ,0,0,0.006012629
4513-CXYIX,0,0,0.23215266
3957-HHLMR,0,1,0.6451351
7803-XOCCZ,0,0,0.00021037777
5736-YEJAX,0,0,0.08772816
5609-CEBID,0,0,0.0020325854
8981-FJGLA,0,0,0.065675475
7218-HKQFK,0,0,0.0064845453
4636-QRJKY,1,0,0.28274676
1135-LMECX,0,0,0.0038995726
4332-MUOEZ,1,1,0.8202289
8535-SFUTN,1,0,0.060689405
5956-VKDTT,0,0,0.093670815
8677-HDZEE,0,0,0.014738762
2475-MROZF,1,0,0.4536639
9412-GHEEC,0,0,0.07689549
3482-ABPKK,0,0,0.03973402
6705-LXORM,0,0,0.4684222
0257-ZESQC,0,1,0.5984962
7531-GQHME,0,0,0.12488432
5174-ITUMV,0,0,0.025436185
4109-CYRBD,0,0,0.47179767
0913-XWSCN,0,0,0.029639438
6825-UYPFK,1,1,0.52915156
8397-MVTAZ,1,0,0.02822841
0750-EBAIU,1,1,0.57782674
8606-CIQUL,0,0,0.107943736
3571-DPYUH,0,0,0.33260256
7601-GNDYK,0,0,0.09203264
0356-OBMAC,0,0,0.0035047971
8067-NIOYM,0,0,0.417682
1403-GYAFU,0,0,0.008810306
4234-XTNEA,0,0,0.22237492
1297-VQDRP,1,1,0.776417
9282-IZGQK,1,0,0.002615053
5348-CAGXB,0,0,0.15319367
0621-HJWXJ,0,0,0.022968102
5844-QVTAT,0,0,0.0025547966
8905-IAZPF,1,1,0.671181
5394-MEITZ,1,1,0.53247327
6859-QNXIQ,1,0,0.091290094
2782-LFZVW,0,0,0.02145668
2866-IKBTM,1,1,0.9762161
1342-JPNKI,0,0,0.33751404
2817-NTQDO,1,1,0.5451212
7129-AZJDE,0,0,0.027501293
6986-IJDHX,0,0,0.058137733
2560-PPCHE,0,0,0.05665007
4676-MQUEA,0,1,0.58086544
8138-EALND,0,0,0.0005979993
3580-HYCSP,1,0,0.014596104
1352-HNSAW,0,0,0.012390021
2075-PUEPR,0,0,0.4338008
1982-FEBTD,0,0,0.0461286
5301-GAUUY,0,0,0.0003023781
5791-KAJFD,0,1,0.60036147
2654-VBVPB,1,1,0.725216
1154-HYWWO,1,1,0.8966849
2501-XWWTZ,0,0,0.026438594
3716-UVSPD,0,1,0.54448336
6815-ABQFQ,0,0,0.1075784
7343-EOBEU,1,0,0.22936557
3701-SFMUH,1,0,0.15894245
6103-LIANB,0,0,0.06328486
7319-VENRZ,0,0,0.0637198
5846-NEQVZ,0,0,0.37820363
6967-QIQRV,1,1,0.8582949
5781-RFZRP,1,1,0.8805971
0939-YAPAF,1,1,0.50258404
0308-IVGOK,1,1,0.77253944
7293-LSCDV,0,0,0.15463723
7025-WCBNE,0,0,0.43441913
5756-JYOJT,1,1,0.7670826
4710-FDUIZ,1,1,0.7751276
6030-REHUX,0,0,0.0014595315
9548-LIGTA,1,0,0.47110036
5150-LJNSR,0,0,0.09987849
8270-RKSAP,0,0,0.03291861
6522-YRBXD,0,0,0.00091867486
2640-LYMOV,0,0,0.010317966
1218-VKFPE,0,0,0.0011421498
3627-FHKBK,0,1,0.6228433
2865-TCHJW,0,0,0.0004973922
1423-BMPBQ,0,0,0.0067930194
2393-DIVAI,0,0,0.021449193
5192-EBGOV,0,0,0.008289235
4568-KNYWR,1,1,0.85169405
8752-IMQOS,0,0,0.02861837
0742-LAFQK,0,0,0.011906363
0795-LAFGP,1,0,0.47836855
0619-OLYUR,0,0,0.083300665
5512-IDZEI,0,0,0.41134274
0459-SPZHJ,0,0,0.13016357
0215-BQKGS,1,1,0.78900105
9244-ZVAPM,1,1,0.8019876
0719-SYFRB,0,0,0.22842434
8208-EUMTE,0,0,0.011269107
5172-MIGPM,0,0,0.0009735299
1710-RCXUS,1,1,0.5965879
0374-FIUCA,0,0,0.044017296
5839-SUYVZ,0,0,0.18727203
5173-ZXXXL,1,1,0.62720066
1096-ADRUX,0,0,0.00039446467
2001-MCUUW,1,1,0.88067496
2731-GJRDG,0,1,0.9830949
4723-BEGSG,0,0,0.0026255783
6516-NKQBO,1,0,0.059227172
8672-OAUPW,1,0,0.021465622
8207-DMRVL,0,0,0.16200966
3419-SNJJD,0,0,0.002434646
6543-CPZMK,0,0,0.061355777
4765-OXPPD,0,0,0.10213457
2804-ETQDK,0,0,0.012148137
6689-VRRTK,1,0,0.13704926
7138-GIRSH,0,0,0.007979305
9396-ZSFLL,0,0,0.02939895
6464-KEXXH,0,0,0.0033761184
7134-MJPDY,0,0,0.002770432
5240-CAOYT,1,1,0.979037
4059-IIEBK,1,0,0.30281442
4881-JVQOD,0,0,0.086676754
0516-UXRMT,1,1,0.70154136
4851-BQDNX,1,0,0.43682986
5148-HKFIR,0,0,0.00029837803
1009-IRMNA,0,0,0.01885384
3003-CMDUU,1,0,0.3154916
5016-IBERQ,0,0,0.0063402224
6797-UCJHZ,1,1,0.93080753
2469-DTSGX,1,0,0.29620266
4554-YGZIH,0,1,0.8904203
5099-BAILX,1,1,0.84007776
9931-KGHOA,0,0,0.06946896
1775-KWJKQ,1,0,0.3863744
7665-VIGUD,0,0,0.0020139692
9411-TPQQV,0,1,0.82463
7207-RMRDB,0,0,0.2276683
7954-MLBUN,0,0,0.05083565
2077-DDHJK,0,0,0.00023664767
4913-EHYUI,1,0,0.15371764
0195-IESCP,0,0,0.40400454
9574-BOSMD,0,0,0.0013107593
4580-TMHJU,0,1,0.5161307
0970-ETWGE,0,0,0.011291906
4908-XAXAY,0,0,0.021634491
8404-VLQFB,0,0,0.04348237
1626-ERCMM,0,0,0.31315097
0887-HJGAR,0,0,0.18747933
2391-IPLOP,1,1,0.97042644
5644-PDMZC,1,1,0.73105645
3509-GWQGF,1,0,0.09105777
9576-ANLXO,1,0,0.36989966
2024-BASKD,0,0,0.08707319
5845-BZZIB,1,0,0.031536255
1140-UKVZG,1,1,0.61770505
4160-AMJTL,1,1,0.8608043
5183-SNMJQ,0,0,0.00011249146
8100-PNJMH,0,0,0.005890418
7838-LAZFO,0,0,0.02953091
4464-JCOLN,0,0,0.19066778
2085-JVGAD,0,0,0.0041298475
5650-VDUDS,0,0,0.15208493
8095-WANWK,0,0,0.039327648
3030-ZKIWL,0,0,0.0008714175
9565-FLVCG,0,1,0.7757438
8755-OGKNA,0,0,0.00040171514
2800-VEQXM,0,0,0.043339267
7538-GWHML,0,0,0.4508388
5533-RJFTJ,0,0,0.020814026
3859-CVCET,0,0,0.15866585
0214-JHPFW,0,0,0.09988058
5642-MHDQT,0,1,0.81758183
3088-FVYWK,0,0,0.008813337
3276-HDUEG,0,0,0.09649715
9092-GDZKO,0,0,0.0919081
0823-HSCDJ,1,1,0.6455902
3729-OWRVL,0,0,0.0021150913
2324-AALNO,0,0,0.17809342
0822-GAVAP,1,0,0.25102618
5760-IFJOZ,1,1,0.7086807
2826-UWHIS,1,0,0.082621954
1448-PWKYE,0,0,0.00026073176
7501-IWUNG,0,0,0.015491368
4957-TREIR,0,0,0.02381828
7251-LJBQN,0,0,0.11008032
8040-MNRTF,0,1,0.55652714
1536-HBSWP,1,1,0.5811231
5313-FPXWG,0,1,0.5487434
0067-DKWBL,1,0,0.011123361
0946-FKYTX,0,1,0.77601707
5076-YVXCM,0,0,0.3297325
8262-COGGB,0,0,0.0142479
6663-JOCQO,0,0,0.0791706
9620-QJREV,0,0,0.024125297
2276-YDAVZ,1,1,0.80081695
2682-KEVRP,0,0,0.0028160012
2480-JZOSN,1,0,0.22774203
0078-XZMHT,0,0,0.028738547
5896-NPFWW,0,0,0.048204035
9978-HYCIN,0,0,0.008138973
8338-QIUNR,0,0,0.09322067
1525-LNLOJ,0,1,0.72283375
9450-TRJUU,0,0,0.007492114
1766-GKNMI,0,0,0.03654282
6942-LBFDP,0,0,0.0030508211
1456-TWCGB,0,0,0.07204169
7133-VBDCG,0,0,0.0018273568
7596-ZYWBB,0,0,0.14342812
8329-UTMVM,1,1,0.6768677
3014-WJKSM,0,0,0.0004113988
3347-YJZZE,0,0,0.00044519783
1029-QFBEN,1,1,0.95972973
7929-DMBCV,0,1,0.5748236
9661-JALZV,0,1,0.65896505
5433-KYGHE,1,1,0.9595059
4312-KFRXN,1,1,0.6674565
5575-TPIZQ,0,0,0.031393006
0114-IGABW,0,0,0.26188815
9944-AEXBM,1,0,0.12300595
1853-ARAAQ,0,1,0.69911397
6952-OMNWB,0,0,0.038050387
4697-LUPSU,0,0,0.072171286
8434-VGEQQ,0,0,0.0005476596
4952-YSOGZ,0,0,0.037570477
1589-AGTLK,0,1,0.5838677
5244-IRFIH,0,0,0.01531742
6549-YMFAW,0,1,0.75556684
4950-HKQTE,0,1,0.52035725
6786-OBWQR,0,0,0.0060765953
2684-EIWEO,1,1,0.8711762
2753-JMMCV,1,0,0.46092498
6439-GTPCA,0,0,0.2943562
6621-YOBKI,1,0,0.19412531
1216-JWVUX,0,0,0.0005964561
7564-GHCVB,0,1,0.8765466
1173-NOEYG,0,1,0.54551905
7595-EHCDL,1,1,0.82435286
6647-ZEDXT,0,0,0.0312848
2521-NPUZR,0,0,0.22702342
1307-TVUFB,0,0,0.0005503782
7503-MIOGA,0,0,0.002369288
4381-MHQDC,1,1,0.97379106
6923-JHPMP,0,0,0.4975792
5138-WVKYJ,0,0,0.19888568
4018-PPNDW,1,1,0.5699406
1635-FJFCC,1,0,0.06342008
2499-AJYUA,1,0,0.08795595
6919-ELBGL,0,1,0.9123247
3966-HRMZA,0,0,0.0014792109
6425-JWTDV,0,0,0.006470843
8405-IGQFX,1,1,0.83894485
8224-IVVPA,0,0,0.034246966
9477-LGWQI,0,0,0.00042107704
1410-RSCMR,0,0,0.019647729
3115-CZMZD,0,0,0.1295642
0139-IVFJG,0,0,0.10334368
6683-VLCTZ,0,0,0.0036308859
5730-DBDSI,0,0,0.15092897
0030-FNXPP,1,0,0.030083315
2189-WWOEW,1,0,0.22804572
5684-FJVYR,0,0,0.033020735
4013-GUXND,0,1,0.67885965
1894-IGFSG,0,0,0.013557065
7379-POKDZ,1,1,0.8619574
1266-NZYUI,0,1,0.62709546
7969-FFOWG,0,1,0.5886786
4718-DHSMV,0,1,0.78297037
5175-WLYXL,0,0,0.081634775
7817-OMJNA,0,0,0.033008862
8728-SKJLR,0,0,0.24714233
3137-NYQQI,0,0,0.0013468324
7706-DZNKK,0,0,0.24455316
0236-HFWSV,1,1,0.9454223
3900-AQPHZ,0,0,0.042385545
5842-POCOP,0,0,0.47260776
2037-XJFUP,1,1,0.6326856
8823-RLPWL,0,1,0.506131
9505-SQFSW,1,0,0.15926616
7314-OXENN,0,0,0.0443121
3758-CKOQL,0,0,0.011707748
0322-CHQRU,0,0,0.008694275
5676-CFLYY,0,0,0.035359647
7521-AFHAB,0,0,0.0098888995
0285-INHLN,0,0,0.0021127458
4678-DVQEO,1,0,0.47748864
5125-CNDSP,0,0,0.0048217364
0691-IFBQW,0,0,0.0047217626
4992-LTJNE,0,0,0.31139588
2202-OUTMO,0,1,0.80234176
0810-BDHAW,1,1,0.97287446
0229-LFJAF,0,0,0.19361614
7131-ZQZNK,0,0,0.10993543
3442-ZHHCC,0,0,0.027062736
5726-CVNYA,0,0,0.02188093
9871-ELEYA,0,0,0.00025105607
4257-GAESD,1,1,0.78045976
5173-WXOQV,0,0,0.0019758935
2040-OBMLJ,1,0,0.029792886
6286-ZHAOK,1,1,0.7442897
3807-XHCJH,0,1,0.5054187
3009-JWMPU,1,1,0.61541027
5671-RQRLP,0,0,0.0016473838
1450-GALXR,0,1,0.6807108
8859-AXJZP,0,0,0.001485936
3174-AKMAS,0,0,0.008822385
3138-BKYAV,0,0,0.029827524
9926-PJHDQ,0,0,0.0003160995
7382-DFJTU,0,0,0.13657713
2798-NYLMZ,0,0,0.17175363
4289-DTDKW,0,0,0.029216003
1820-TQVEV,0,1,0.7160751
2239-JALAW,0,0,0.30841318
4853-RULSV,0,0,0.032597188
8098-TDCBU,0,0,0.00047718655
3551-GAEGL,1,1,0.95351595
4785-NKHCX,0,1,0.8666897
3196-NVXLZ,0,0,0.0055389088
6275-YDUVO,1,1,0.9574502
0036-IHMOT,0,1,0.5493572
0115-TFERT,1,1,0.84316975
4178-EGMON,0,0,0.0040011485
4220-TINQT,0,0,0.1672454
5318-YKDPV,0,1,0.6752117
7975-TZMLR,0,0,0.048058044
0295-QVKPB,0,0,0.017936619
4335-BSMJS,0,0,0.0034118462
2311-QYMUQ,0,0,0.082521446
3643-AHCFP,1,1,0.5075566
9146-JRIOX,0,0,0.0016886209
3104-OWCGK,1,1,0.8738606
5337-IIWKZ,1,0,0.20984843
9101-BWFSS,1,1,0.76640373
9650-VBUOG,0,0,0.18148822
3487-EARAT,0,0,0.026449507
2672-TGEFF,1,1,0.7025529
9231-ZJYAM,0,0,0.33709443
4250-WAROZ,0,0,0.030349698
8184-WMOFI,0,0,0.011934929
6982-SSHFK,0,0,0.0041879117
6092-QZVPP,0,0,0.0058696717
4625-LAMOB,0,1,0.8018993
0727-BMPLR,0,0,0.012506219
0392-BZIUW,1,0,0.01987066
1038-ZAGBI,0,1,0.5868017
6549-NNDYT,0,0,0.026307454
3027-ZTDHO,1,1,0.5585619
0422-OHQHQ,0,0,0.00063162926
6916-HIJSE,0,0,0.010378656
2316-ESMLS,1,1,0.64534587
9778-OGKQZ,0,0,0.0056904405
7408-OFWXJ,1,0,0.019432396
6007-TCTST,0,0,0.00010744204
2252-NKNSI,0,0,0.011350316
8713-IGZSO,0,1,0.5317116
7905-TVXTA,0,0,0.0022989253
7695-PKLCZ,1,1,0.56816494
2382-BCKQJ,0,0,0.30281442
8374-UULRV,1,0,0.3803917
2207-NHRJK,0,0,0.15918455
3224-DFQNQ,0,0,0.14909504
5275-PMFUT,0,0,0.039507736
4795-UXVCJ,1,0,0.05571167
9777-IQHWP,0,0,0.003753698
0947-MUGVO,0,0,0.0038985168
9944-HKVVB,0,0,0.2905815
4124-MMETB,0,0,0.29831636
3671-SHRSP,1,0,0.19647962
0979-MOZQI,0,1,0.62052655
2732-ISEZX,0,0,0.020679342
3313-QKNKB,0,0,0.01554046
0323-XWWTN,0,0,9.936105e-05
1937-OTUKY,0,0,0.49913093
1573-LGXBA,0,0,0.1971357
1764-VUUMT,1,1,0.9824322
5073-WXOYN,0,0,0.13479742
4713-ZBURT,1,0,0.15676752
3050-GBUSH,1,0,0.34060296
0207-MDKNV,0,0,0.07920923
7876-AEHIG,0,0,0.039518595
7945-HLKEA,0,0,0.22703634
9342-VNIMQ,0,0,0.0048453542
9851-KIELU,1,1,0.830235
3523-BRGUW,0,1,0.6305504
3908-BLSYF,1,1,0.7174579
3199-NPKCN,0,0,0.03153482
5170-PTRKA,0,0,0.43113965
4661-NJEUX,0,0,0.052836258
2123-AGEEN,0,0,0.065386444
1258-YMZNM,0,0,0.11621897
0048-LUMLS,0,0,0.44260615
7549-MYGPK,0,1,0.98327327
5898-IGSLP,1,0,0.23216048
3804-RVTGV,0,0,0.113038115
6259-WJQLC,0,0,0.25345224
9227-LUNBG,0,0,0.18301605
7997-EASSD,1,1,0.5249993
0730-KOAVE,0,0,0.0034884978
8975-SKGRX,1,0,0.48583636
0678-RLHVP,0,0,0.00067501696
4315-MURBD,0,1,0.57538813
2267-FPIMA,0,0,0.14700843
1051-GEJLJ,0,1,0.96965593
9734-YWGEX,0,0,0.0025812418
2719-BDAQO,0,0,0.008070087
5285-MVEHD,0,0,0.28320134
0379-DJQHR,1,1,0.6765629
0781-LKXBR,0,0,0.0007193945
5543-QDCRY,0,1,0.6485015
0297-RBCSG,1,1,0.6840273
4694-PHWFW,1,0,0.022413056
0835-JKADZ,0,0,0.12145106
1907-UBQFC,1,0,0.039731592
7508-SMHXL,1,1,0.8717176
3865-YIOTT,0,0,0.0035401124
5993-BQHEA,0,0,0.26740786
6024-RUGGH,1,0,0.4176814
6513-EECDB,0,0,0.014438568
3956-CJUST,0,0,0.13513482
4079-WWQQQ,0,0,0.17266244
6103-BOCOU,0,0,0.0594081
5149-TGWDZ,0,0,0.054563202
7471-WNSUF,0,1,0.5229974
8942-DBMHZ,1,1,0.70245713
4301-VVZKA,0,0,0.049367994
9199-PWQVC,1,0,0.42193016
4824-GUCBY,0,0,0.0044549266
5393-HJZSM,1,0,0.44392955
7074-IEVOJ,0,0,0.036840867
9625-QSTYE,0,0,0.29098353
0862-PRCBS,0,1,0.67132664
8812-ZRHFP,0,0,0.43223423
5146-CBVOE,0,0,0.0050167544
0454-OKRCT,1,0,0.06563676
5787-KXGIY,0,0,0.033802725
4750-ZRXIU,0,0,0.046439383
4198-VFOEA,0,0,0.001141507
6630-UJZMY,0,0,0.21063457
5709-LVOEQ,0,1,0.53704464
6400-BWQKW,0,0,0.0029627993
2692-AQCPF,0,1,0.574089
0347-UBKUZ,0,0,0.0003174307
0835-DUUIQ,1,1,0.94147795
0811-GSDTP,0,0,0.012235569
7567-ECMCM,0,0,0.3940098
6115-ZTBFQ,0,1,0.80167055
6353-BRMMA,0,0,0.0029313231
6680-WKXRZ,0,0,0.47240484
6231-WFGFH,0,0,0.061372504
9904-EHEVJ,1,1,0.9233044
7028-DVOIQ,1,1,0.6730881
6169-PPETC,1,1,0.6082317
4208-UFFGW,1,1,0.7118399
8584-KMVXD,1,0,0.05010174
8467-WYNSR,0,1,0.9170998
0851-DFJKB,0,0,0.0008726357
5382-SOYZL,1,1,0.7454637
9448-REEVD,0,0,0.0049937074
3261-CQXOL,0,0,0.26565057
8388-FYNPZ,0,0,0.385097
4002-BQWPQ,1,0,0.33584717
5651-YLPRD,0,0,0.12996534
2826-DXLQO,1,1,0.6206068
4378-BZYFP,0,0,0.011607308
9489-UTFKA,1,1,0.589056
4849-PYRLQ,0,0,0.13607208
9117-SHLZX,0,0,0.0015679903
9889-TMAHG,0,0,0.0019240489
4541-RMRLG,1,1,0.8767562
7764-BDPEE,0,0,0.09498882
3429-IFLEM,0,0,0.0004519002
3158-MOERK,0,0,0.120285764
7294-TMAOP,0,0,0.1851253
5002-GCQFH,0,0,0.441382
0556-FJEGU,0,0,0.07644352
8919-FYFQZ,0,1,0.76695174
0604-THJFP,0,0,0.0049071144
2834-JRTUA,0,0,0.3505361
5875-YPQFJ,0,0,0.3792504
5879-SESNB,0,0,0.19172293
6646-QVXLR,0,0,0.42202187
6461-PPAXN,1,1,0.64398825
3318-ISQFQ,1,0,0.14438836
1106-HRLKZ,0,0,0.29599747
2483-XSSMZ,0,0,0.25810686
8603-IJWDN,0,0,0.004842127
8165-ZJRNM,0,0,0.0037767463
9369-XFEHK,0,0,0.038496185
2604-XVDAM,0,0,0.0026061346
3717-OFRTN,1,1,0.8196794
9046-JBFWA,0,0,0.037140843
3280-NMUVX,0,0,0.49065185
1206-EHBDD,0,0,0.01600739
8361-LBRDI,0,0,0.0023102325
4883-KCPZJ,1,0,0.2218293
9108-EQPNQ,0,0,0.44234824
7277-KAMWT,0,0,0.41088223
3842-IYKUE,0,1,0.8815343
6641-XRPSU,1,0,0.25099358
1374-DMZUI,1,1,0.7351078
2545-LXYVJ,0,0,0.006246496
3234-VKACU,0,0,0.4646592
8357-EQXFO,0,0,0.084646195
1989-PRJHP,0,0,0.32758543
8120-JDCAM,0,0,0.14014526
8917-FAEMR,0,0,0.005463836
7047-YXDMZ,0,0,0.01540058
2858-EIMXH,1,0,0.1922912
9524-EGPJC,0,0,0.10064629
6993-OHLXR,1,1,0.76046026
8818-XYFCQ,0,0,0.0023682285
6419-ZTTLE,0,0,0.0043275245
0929-HYQEW,0,0,0.30969197
6614-YOLAC,0,0,0.02963335
7426-RHZGU,0,0,0.31450185
4065-JJAVA,0,0,0.0017463479
4695-VADHF,0,0,0.04970979
3863-IUBJR,0,0,0.044795334
7649-SIJJF,0,0,0.03194607
9361-YNQWJ,0,0,0.37553936
3748-FVMZZ,0,0,0.3074129
9391-TTOYH,1,0,0.30281442
1452-XRSJV,0,0,0.0016750746
3422-WJOYD,0,0,0.0003315115
8242-SOQUO,0,1,0.67743856
7460-ITWWP,0,0,0.020868873
7147-AYBAA,1,0,0.19888568
7868-TMWMZ,0,0,0.0072388337
4822-RVYBB,0,0,0.037467465
6732-FZUGP,0,0,0.24154516
8436-BJUMM,0,0,0.1382064
4184-TJFAN,0,0,0.450992
8329-GWVPJ,0,0,0.027861593
1352-VHKAJ,0,0,0.0018891017
4145-UQXUQ,0,0,0.09298648
2632-TACXW,0,0,0.21250749
8146-QQKZH,1,1,0.785707
1767-CJKBA,0,0,0.32892632
6445-TNRXS,0,0,0.11720442
4581-LNWUM,0,0,0.008018409
4869-EPIUS,0,0,0.33828196
9948-YPTDG,0,0,0.06310636
1236-WFCDV,1,1,0.76878077
1915-OAKWD,0,0,0.08389953
7296-PIXQY,0,0,0.058122613
4883-QICIH,0,0,0.0030858228
3354-OADJP,0,0,0.0027637912
3524-WQDSG,1,0,0.104611665
0810-DHDBD,0,0,0.09876312
4026-SKKHW,0,0,0.034483653
2829-HYVZP,0,1,0.6242731
8329-IBCTI,1,0,0.37909672
1271-SJBGZ,0,0,0.037975185
3845-JHAMY,0,0,0.0030783608
7013-PSXHK,0,0,0.29795584
5669-SRAIP,0,1,0.6095293
5981-ITEMU,0,0,0.013760279
3486-NPGST,0,0,0.004792201
6941-PMGEP,1,1,0.65045494
1624-WOIWJ,0,0,0.0017839269
2074-GKOWZ,1,1,0.72796524
0376-YMCJC,0,0,0.0006038766
6100-FJZDG,0,0,0.0025123286
4829-ZLJTK,1,1,0.62196356
1730-VFMWO,0,0,0.0022189852
7143-BQIBA,0,0,0.26024276
3800-LYTRK,1,0,0.47397256
0634-SZPQA,0,0,0.11262583
9646-NMHXE,1,1,0.77622753
7030-NJVDP,0,1,0.7172505
5536-RTPWK,0,0,0.0035752044
8883-GRDWQ,0,0,0.0023831564
6166-ILMNY,0,0,0.09071727
3097-NNSPB,0,0,0.145537
7771-ZONAT,0,0,0.23500298
0655-RBDUG,0,0,0.37785754
2111-DWYHN,0,1,0.5044231
4194-WHFCB,0,0,0.06573893
4121-AGSIN,0,0,0.112239875
4361-BKAXE,0,0,0.046411105
9845-PEEKO,1,0,0.42372656
0455-XFASS,0,0,0.02132428
0301-KOBTQ,0,0,0.07561515
1751-NCDLI,0,0,0.1836798
4367-NUYAO,0,1,0.6978294
9878-TNQGW,1,1,0.8830958
9170-ARBTB,0,1,0.74267244
4441-NIHPT,0,0,0.22759478
8999-BOHSE,0,0,0.0010390051
7241-AJHFS,0,0,0.002693361
7029-RPUAV,1,1,0.76767075
4546-FOKWR,0,0,0.019100798
9036-CSKBW,1,1,0.9437121
5832-TRLPB,0,0,0.07037827
8590-YFFQO,0,1,0.7288536
8659-IOOPU,1,1,0.86980975
1338-CECEE,0,0,0.4243171
7439-DKZTW,0,0,0.01751516
4646-QZXTF,0,0,0.00081659964
4607-CHPCA,0,0,0.40037665
9742-XOKTS,0,0,0.009617243
6921-OZMFH,1,0,0.0024840543
9578-FOMUK,1,0,0.01515048
4712-UYOOI,1,0,0.30058348
8824-RWFXJ,0,1,0.5850743
7722-CVFXN,0,0,0.00573636
8717-VCTXJ,0,0,0.35365537
7363-QTBIW,0,0,0.22547024
4159-NAAIX,0,1,0.7304475
0971-QIFJK,0,0,0.09198765
9397-TZSHA,0,0,0.012586603
3391-JSQEW,1,1,0.97124857
0343-QLUZP,0,0,0.06081653
9763-PDTKK,0,0,0.00054772093
2176-LVPNX,0,0,0.28289577
7627-JKIAZ,0,0,0.039282452
3312-UUMZW,0,0,0.0021287834
1271-UODNO,0,0,0.031780418
8461-EFQYM,1,1,0.88741225
6900-RBKER,1,1,0.8816128
6891-JPYFF,1,1,0.77062815
1459-QNFQT,0,1,0.76700306
1047-NNCBF,1,0,0.36988786
3696-XRIEN,0,0,0.0004839522
4081-DYXAV,0,0,0.016643487
0074-HDKDG,0,0,0.3645278
8791-GFXLZ,0,0,0.0010977807
8111-SLLHI,0,0,0.14956473
0927-LCSMG,0,1,0.5981334
9330-DHBFL,1,1,0.75897104
0098-BOWSO,0,0,0.017702876
3452-ABWRL,0,0,0.0033298589
5859-HZYLF,0,0,0.0013624992
8257-RZAHR,0,0,0.007507937
5293-WXJAK,0,0,0.040456496
3156-QLHBO,1,1,0.70425004
2208-NQBCT,0,0,0.001365355
1779-PWPMG,1,1,0.6005198
6621-NRZAK,0,0,0.0036439453
0831-JNISG,1,1,0.57224727
0774-IFUVM,1,1,0.9453916
3082-WQRVY,1,1,0.79776204
9553-DLCLU,0,0,0.28424442
1641-BYBTK,1,0,0.03887071
2460-NGXBJ,0,0,0.00024998313
2446-ZKVAF,0,0,0.00020161686
0841-NULXI,0,0,0.0024930255
3522-CDKHF,1,0,0.019060709
1430-SFQSA,1,1,0.53706175
0411-EZJZE,0,0,0.054075375
7851-WZEKY,1,0,0.4703177
8844-TONUD,0,0,0.2828722
8807-ARQET,1,1,0.5300518
8992-CEUEN,1,0,0.11429952
4320-QMLLA,0,0,0.43942443
8777-PVYGU,0,0,0.003913565
8292-ITGYJ,0,0,0.05514233
6870-ZWMNX,1,0,0.1078397
0621-CXBKL,0,0,0.0006154821
5268-DSMNQ,1,0,0.30860275
5334-JLAXU,1,0,0.40553632
4086-YQSNZ,1,0,0.26431605
6242-MBHPK,1,0,0.16323721
5868-CZJDR,0,0,0.1239425
9359-UGBTK,0,0,0.005834318
0135-NMXAP,1,0,0.29873067
4782-OSFXZ,1,1,0.86325634
6479-OAUSD,0,0,0.00088846835
7129-ACFOG,0,0,0.002753623
4189-NAKJS,0,0,0.0010381655
5562-BETPV,0,0,0.0013409364
1282-IHQAC,0,0,0.13592988
9127-FHJBZ,0,0,0.041141536
6270-OMFIW,0,1,0.62496215
1641-RQDAY,0,0,0.46529377
0107-WESLM,1,0,0.24654926
6994-ORCWG,0,0,0.013258538
1346-UFHAX,1,1,0.9958923
3992-YWPKO,0,0,0.017096307
2933-XEUJM,0,0,0.0555267
0125-LZQXK,1,1,0.94407576
5461-QKNTN,0,0,0.085113265
4835-YSJMR,0,0,0.0051631783
8399-YNDCH,1,0,0.12477249
3164-YAXFY,0,0,0.45714426
0887-WBJVH,0,0,0.097628914
4660-IRIBM,0,0,0.070858255
5673-FSSMF,0,0,0.003359794
7670-ZBPOQ,1,1,0.5402067
8089-UZWLX,0,1,0.9472595
0080-OROZO,1,1,0.96092445
3916-NRPAP,0,0,0.0046088896
6807-SIWJI,0,1,0.7676304
8221-HVAYI,0,0,0.4745609
1579-KLYDT,0,0,0.46089622
5232-NXPAY,0,0,0.011436465
8967-SZQAS,0,0,0.004610898
4468-KAZHE,0,0,0.13459621
0455-ENTCR,0,0,0.012768886
8944-AILEF,1,1,0.6941223
5542-NKVRU,0,0,0.1528314
7126-RBHSD,0,0,0.0005866175
5370-IIVVL,1,1,0.77011234
6789-HJBWG,0,0,0.05614154
3927-NLNRY,0,0,0.31923926
9087-EYCPR,0,0,0.011013243
6791-YBNAK,0,0,0.0018136547
6358-LYNGM,1,0,0.06873085
6077-BDPXA,0,0,0.36659953
0013-MHZWF,0,0,0.1679831
5494-HECPR,0,1,0.6765629
8268-YDIXR,0,0,0.07348254
9824-BEMCV,0,0,0.0016420464
1373-ORVIZ,1,1,0.75043654
4291-SHSBH,0,0,0.24280937
6980-IMXXE,0,1,0.62300223
9866-QEVEE,0,0,0.172392
9897-KXHCM,0,1,0.7218263
0040-HALCW,1,0,0.4313424
0784-GTUUK,1,1,0.5389878
7979-CORPM,0,0,0.0062681115
2294-DMMUS,0,0,0.0007102888
0872-JCPIB,0,0,0.39745504
3055-MJDSB,1,1,0.9574438
9091-WTUUY,0,1,0.8282841
1618-CFHME,1,1,0.63825417
3165-HDOEW,1,0,0.19759627
6581-NQCBA,0,1,0.65893453
7115-IRDHS,0,0,0.006608468
8496-DMZUK,0,0,0.001192401
2040-VZIKE,0,0,0.0032785966
9068-VPWQQ,1,1,0.64343154
0178-SZBHO,0,0,0.00045670563
0384-RVBPI,0,0,0.13904469
1689-MRZQR,0,0,0.07535335
1299-AURJA,1,1,0.8069383
4525-VZCZG,0,0,0.100570604
1543-LLLFT,0,0,0.24591577
5835-BEQEU,1,0,0.28055203
2788-CJQAQ,0,0,0.00074325333
5565-FILXA,0,0,0.08530839
0319-QZTCO,0,0,0.0033077486
2120-SMPEX,0,0,0.008314336
0096-FCPUF,0,0,0.19626443
0668-OGMHD,0,0,0.010395626
5552-ZNFSJ,0,0,0.10985911
2223-KAGMX,0,0,0.0063449196
6507-ZJSUR,0,0,0.0011483184
9408-HRXRK,0,0,0.41457444
5593-SUAOO,1,0,0.028156554
7321-PKUYW,0,0,0.0125854
2833-SLKDQ,0,1,0.7519963
6766-HFKLA,1,1,0.8343466
7595-EUIVN,0,0,0.18898249
7617-EYGLW,1,1,0.8904203
2026-TGDHM,0,0,0.0031658285
9220-ZNKJI,1,0,0.4816172
4030-VPZBD,0,0,0.28286296
2226-ICFDO,0,0,0.005520501
0723-VSOBE,1,1,0.6424013
5529-GIBVH,0,0,0.020798542
4187-CINZD,1,1,0.9818418
9992-UJOEL,0,0,0.00089710427
4741-WWJQZ,0,0,0.005817626
6625-UTXEW,0,0,0.3088643
6818-WOBHJ,0,0,0.07973424
6244-BESBM,0,0,0.05744405
1004-NOZNR,0,0,0.0014312534
1251-STYSZ,0,0,0.08617956
2612-PHGOX,1,0,0.3613458
2408-TZMJL,0,0,0.120248936
8480-PPONV,0,1,0.7197224
8780-IHCRN,1,0,0.32597864
4598-ZADCK,0,0,0.08193984
1257-SXUXQ,0,0,0.0045473655
9681-KYGYB,0,0,0.0003180796
7182-OVLBJ,1,0,0.4248179
5095-ETBRJ,0,0,0.13911001
7005-CYUIL,1,0,0.10897831
4821-WQOYN,1,0,0.24220726
4730-AWNAU,0,0,0.029345084
3452-FLHYD,0,0,0.18886846
2388-LAESQ,0,0,0.25165895
9531-NSBMR,0,0,0.0006209343
6260-ONULR,0,0,0.00044496404
4389-UEFCZ,0,0,0.035529356
8711-LOBKY,1,1,0.6505204
9134-CEQMF,0,1,0.8141775
8985-OOPOS,1,1,0.79680675
8800-ZKRFW,0,0,0.019165123
2616-FLVQC,1,0,0.43631345
9968-FFVVH,1,1,0.9761278
3108-PCCGG,0,0,0.008746471
7993-PYKOF,0,0,0.24739715
8390-FESFV,1,0,0.34270197
3022-BEXHZ,0,0,0.091908164
5027-XWQHA,0,0,0.2282697
6248-TKCQV,0,0,0.2059851
6729-GDNGC,0,0,0.009882734
6198-ZFIOJ,0,0,0.04149637
5989-OMNJE,0,1,0.69787526
4566-QVRRW,0,0,0.36377168
1291-CUOCY,1,1,0.8981584
9795-SHUHB,0,0,0.0013009729
3230-IUALN,0,0,0.038809385
0042-RLHYP,0,0,0.02522598
8519-IMDHU,0,0,0.37553152
4945-RVMTE,0,0,0.12958184
0201-OAMXR,0,0,0.0024186245
1866-NXPSP,0,0,0.2054582
3372-KWFBM,0,0,0.006538546
7831-QGOXH,1,0,0.42795286
6393-WRYZE,0,0,0.001130898
3941-XTSKM,0,0,0.064650506
1661-CZBAU,0,0,0.10499602
6599-RCLCJ,0,0,0.20986761
9831-BPFRI,1,0,0.10965707
5158-RIVOP,0,0,0.31807116
9788-YTFGE,0,0,0.05944976
9277-JOOMO,0,0,0.127537
1907-YLNYW,1,0,0.05594111
1725-MIMXW,0,0,0.00047988535
8947-YRTDV,1,1,0.7447252
3161-ONRWK,0,0,0.0035760524
0114-RSRRW,1,0,0.44087583
4565-NLZBV,0,0,0.12549604
0031-PVLZI,0,0,0.008200051
7206-GZCDC,0,0,0.11077884
6682-VCIXC,0,0,0.14078186
4791-QRGMF,1,1,0.74834037
6475-VHUIZ,0,0,0.00020427383
3910-MRQOY,0,0,0.12388861
0661-WCQNQ,0,0,0.34989664
7537-RBWEA,1,0,0.23366237
4656-CAURT,0,0,0.08858328
0121-SNYRK,1,1,0.5626435
1768-ZAIFU,1,1,0.68585193
4671-LXRDQ,0,0,0.003968879
3733-LSYCE,0,0,0.0046804408
6265-FRMTQ,0,0,0.016058272
1934-SJVJK,1,1,0.67936975
3838-OZURD,1,0,0.35104394
1371-DWPAZ,0,0,0.0013122251
9269-CQOOL,0,0,0.0020988658
2017-CCBLH,0,0,0.021741455
7690-KPNCU,0,0,0.016081607
0536-BGFMZ,0,0,0.00010664627
2293-IJWPS,0,0,0.0011175143
2845-HSJCY,1,1,0.73493254
5469-NUJUR,1,0,0.14692935
1184-PJVDB,0,0,0.00830582
2625-TRCZQ,0,1,0.62863445
4102-HLENU,0,0,0.031635765
7266-GSSJX,0,0,0.03518598
7722-VJRQD,1,1,0.6042726
7073-QETQY,0,0,0.04500852
9415-DPEWS,0,0,0.48303646
5624-RYAMH,0,1,0.83148074
0196-JTUQI,0,0,0.054440785
7130-YXBRO,0,0,0.1675962
9272-LSVYH,0,0,0.007322747
7943-RQCHR,0,0,0.120326094
3793-MMFUH,0,0,0.14043716
3249-ZPQRG,1,0,0.22804828
2568-BRGYX,1,0,0.1175209
3084-DOWLE,0,0,0.31915927
1084-MNSMJ,0,0,0.20858252
7721-JXEAW,0,0,0.12610416
7249-WBIYX,1,1,0.66411984
4238-HFHSN,0,0,0.0005367832
6250-CGGUN,0,0,0.35365948
5478-JJVZK,0,0,0.3571747
7596-IIWYC,0,0,0.0056912038
6567-HOOPW,0,0,0.06355269
9793-WECQC,0,0,0.028514205
4291-HPAXL,1,1,0.5931361
8999-YPYBV,1,0,0.23286413
1839-FBNFR,0,0,0.002443933
3164-AALRN,0,0,0.020529624
3071-MVJCD,1,1,0.8605178
1697-BCSHV,1,0,0.43809977
0562-KBDVM,1,1,0.7349465
1131-SUEKT,0,0,0.035211712
3717-OEAUQ,0,0,0.445499
4538-WNTMJ,0,1,0.59941274
3334-CTHOL,0,0,0.001381245
4704-ERYFC,0,0,0.18419798
9432-RUVSL,1,0,0.048745167
8060-HIWJJ,0,1,0.6082056
7684-XSZIY,0,0,0.16069733
9089-UOWJG,1,0,0.30433267
8621-MNIHH,0,0,0.0027027938
8039-ACLPL,0,1,0.7659352
9885-AIBVB,0,0,0.39907157
1934-MKPXS,0,0,0.005141411
2592-YKDIF,1,1,0.9670829
2272-JKMSI,0,0,0.06918566
0471-LVHGK,0,0,0.24341492
9518-RWHZL,0,1,0.5027702
8714-CTZJW,0,0,0.09208896
3569-EDBPQ,0,0,0.01300477
3131-NWVFJ,1,1,0.70071936
7521-YXVZY,0,0,0.012606274
5419-CONWX,0,0,0.0065290965
6240-EURKS,0,0,0.0023362793
2373-NTKOD,0,0,0.04515989
1970-KKFWL,0,0,0.008129868
6960-HVYXR,0,0,0.00028122237
9337-SRRNI,0,0,0.1275156
0895-UADGO,0,0,0.06731863
5678-VFNEQ,0,0,0.03183146
